{"cameraMode":{"drawMode":0,"name":"Shaded","section":"Shading Mode"},"sceneLighting":true,"audioPlay":false,"sceneViewState":{"showFog":true,"showMaterialUpdate":false,"showSkybox":true,"showFlares":true,"showImageEffects":true,"showParticleSystems":true},"in2DMode":false,"pivot":{"x":80.0254135131836,"y":1.0138791799545289,"z":-20.41904067993164},"rotation":{"x":0.12065646052360535,"y":-0.8791553974151611,"z":0.3159542381763458,"w":0.33573442697525027},"size":169.1822509765625,"orthographic":false}