{"cameraMode":{"drawMode":0,"name":"Shaded","section":"Shading Mode"},"sceneLighting":true,"audioPlay":false,"sceneViewState":{"showFog":true,"showMaterialUpdate":false,"showSkybox":true,"showFlares":true,"showImageEffects":true,"showParticleSystems":true},"in2DMode":false,"pivot":{"x":-39.75239562988281,"y":-70.24317932128906,"z":-316.66119384765627},"rotation":{"x":0.1306777000427246,"y":0.8005985021591187,"z":-0.1890583485364914,"w":0.5533746480941773},"size":290.8504333496094,"orthographic":false}