{"cameraMode":{"drawMode":0,"name":"Shaded","section":"Shading Mode"},"sceneLighting":true,"audioPlay":false,"sceneViewState":{"showFog":true,"showMaterialUpdate":false,"showSkybox":true,"showFlares":true,"showImageEffects":true,"showParticleSystems":true},"in2DMode":false,"pivot":{"x":55.20000076293945,"y":7.15354061126709,"z":2.385075569152832},"rotation":{"x":0.05473649501800537,"y":-0.9338569045066834,"z":0.31363216042518618,"w":0.16298846900463105},"size":33.162803649902347,"orthographic":false}